<?xml version="1.0"?>
<doc>
    <assembly>
        <name>NotesToGoogleCalApp</name>
    </assembly>
    <members>
        <member name="T:NotesToGoogle.Properties.Resources">
            <summary>
              A strongly-typed resource class, for looking up localized strings, etc.
            </summary>
        </member>
        <member name="P:NotesToGoogle.Properties.Resources.ResourceManager">
            <summary>
              Returns the cached ResourceManager instance used by this class.
            </summary>
        </member>
        <member name="P:NotesToGoogle.Properties.Resources.Culture">
            <summary>
              Overrides the current thread's CurrentUICulture property for all
              resource lookups using this strongly typed resource class.
            </summary>
        </member>
        <member name="T:NotesToGoogle.NotesServiceConnect">
            <summary>
            The NotesServiceConnect class is used to connect to the Lotus notes web server.  Unsure how many
            different XML requests can be made, but will look into doing more than just Calendar Displays.
            </summary>
        </member>
        <member name="M:NotesToGoogle.NotesServiceConnect.#ctor(System.String,System.String,System.String,System.Boolean,System.Int32)">
            <summary>
            Constructor method for NotesServiceConnect
            </summary>
            <param name="_NotesLogin">Username for Lotus notes</param>
            <param name="_NotesPassword">Password for Lotus Notes</param>
            <param name="_NotesUrl">URL for iNotes webmail</param>
            <param name="_ServerAuth">Flag whether to use server auth (or lotus auth)</param>
            <param name="_DaysAhead">Number of days ahead to check calendar</param>
        </member>
        <member name="M:NotesToGoogle.NotesServiceConnect.#ctor(System.String,System.String,System.String,System.Boolean)">
            <summary>
            Constructor method for NotesServiceConnect
            </summary>
            <param name="_NotesLogin">Username for Lotus notes</param>
            <param name="_NotesPassword">Password for Lotus Notes</param>
            <param name="_NotesUrl">URL for iNotes webmail</param>
            <param name="_ServerAuth">Flag whether to use server auth (or lotus auth)</param>
        </member>
        <member name="M:NotesToGoogle.NotesServiceConnect.#ctor(System.String,System.String,System.String,System.Int32)">
            <summary>
            Constructor method for NotesServiceConnect
            </summary>
            <param name="_NotesLogin">Username for Lotus notes</param>
            <param name="_NotesPassword">Password for Lotus Notes</param>
            <param name="_NotesUrl">URL for iNotes webmail</param>
            <param name="_DaysAhead">Number of Days ahead to search</param>
        </member>
        <member name="M:NotesToGoogle.NotesServiceConnect.#ctor(System.String,System.String,System.String)">
            <summary>
            Constructor method for NotesServiceConnect
            </summary>
            <param name="_NotesLogin">Username for Lotus notes</param>
            <param name="_NotesPassword">Password for Lotus Notes</param>
            <param name="_NotesUrl">URL for iNotes webmail</param>
        </member>
        <member name="M:NotesToGoogle.NotesServiceConnect.GetNotesXMLCalendar">
            <summary>
            Method used to connect to lotus notes and gather the calendar information entries for the configured
            URL / request path.
            </summary>
            <returns>A stream holding the contents of the HttpWebResponse</returns>
        </member>
        <member name="M:NotesToGoogle.NotesServiceConnect.TestConnection">
            <summary>
            Test the connection to the notes server
            </summary>
            <returns>Whether or not the connection is ok</returns>
        </member>
        <member name="P:NotesToGoogle.NotesServiceConnect.NotesURL">
            <summary>
            Accessor method for sNotesUrl
            </summary>
        </member>
        <member name="P:NotesToGoogle.NotesServiceConnect.Login">
            <summary>
            Accessor method for sNotesLogin
            </summary>
        </member>
        <member name="P:NotesToGoogle.NotesServiceConnect.Password">
            <summary>
            Accessor method for sNotesPassword
            </summary>
        </member>
        <member name="P:NotesToGoogle.NotesServiceConnect.Auth">
            <summary>
            Accessor method for bServerAuth
            </summary>
        </member>
        <member name="P:NotesToGoogle.NotesServiceConnect.DaysAhead">
            <summary>
            Accessor method for the Days Ahead variable
            </summary>
        </member>
        <member name="T:NotesToGoogle.NotesToGoogleForm">
            <summary>
            Public class NotesToGoogleForm creates the main window used for application.
            It is also an entry point for the appliction.
            </summary>
        </member>
        <member name="F:NotesToGoogle.NotesToGoogleForm.DEFAULTDAYSAHEAD">
            <summary>
            Default days ahead value, constant
            </summary>
        </member>
        <member name="F:NotesToGoogle.NotesToGoogleForm.AUTHORNAME">
            
             Class variables, not created through GUI editor
            
        </member>
        <member name="M:NotesToGoogle.NotesToGoogleForm.#ctor">
            <summary>
             Constructor for NotesToGoogleForm class
             Creates initializes main window components
            </summary>
        </member>
        <member name="M:NotesToGoogle.NotesToGoogleForm.OnResize(System.EventArgs)">
            <summary>
            Override method from parent.OnResize; method will move application to tray
            </summary>
            <param name="e">Event args passed to on resize</param>
        </member>
        <member name="M:NotesToGoogle.NotesToGoogleForm.NotesToGoogleForm_Load(System.Object,System.EventArgs)">
            <summary>
            Method called when the main form is loaded
            </summary>
            <param name="sender">Object taht sent the Load event</param>
            <param name="e">Event Arguments passed</param>
        </member>
        <member name="M:NotesToGoogle.NotesToGoogleForm.FormClosingEventCancel_Closing(System.Object,System.ComponentModel.CancelEventArgs)">
            <summary>
            Override event for when the Form is closing; if a background worker is syncing, we want to warn
            the users not to close.
            </summary>
            <param name="sender">Object that fired the event</param>
            <param name="e">Parameters for the cancel event</param>
        </member>
        <member name="M:NotesToGoogle.NotesToGoogleForm.Dispose(System.Boolean)">
            <summary>
            Override method for disposing the Form Components
            </summary>
            <param name="disposing">Flag of weather disposing</param>
        </member>
        <member name="M:NotesToGoogle.NotesToGoogleForm.PrintXMLtoDebug(System.IO.Stream)">
            <summary>
            Method used to display the XML content in the Debug panel.  This should be called by a thread
            safe delegate in the DoTheWork thread method.
            </summary>
            <param name="stream"></param>
        </member>
        <member name="M:NotesToGoogle.NotesToGoogleForm.PrintStringToDebug(System.String)">
            <summary>
            Method used to display error messages in the debug log. This should be called by a thread
            safe delegate in the DoTheWork thread method.
            </summary>
            <param name="message">Message to be added to the debug log</param>
        </member>
        <member name="M:NotesToGoogle.NotesToGoogleForm.Main">
            <summary>
            The main entry point for the application.
            </summary>
        </member>
        <member name="M:NotesToGoogle.NotesToGoogleForm.radioButton_OtherCalChoice_CheckedChanged(System.Object,System.EventArgs)">
            <summary>
            Event handler called when the radio button for Other Calendar event is changed.
            This event will set the Other calendar name text box enabled or not.
            </summary>
            <param name="sender"></param>
            <param name="e"></param>
        </member>
        <member name="M:NotesToGoogle.NotesToGoogleForm.notifyIcon_Tray_MouseDoubleClick(System.Object,System.Windows.Forms.MouseEventArgs)">
            <summary>
            Event method called when notifyIcon is double clicked
            </summary>
            <param name="sender">Sender object</param>
            <param name="e">MouseEvent arguments passed</param>
        </member>
        <member name="M:NotesToGoogle.NotesToGoogleForm.button_ClearDebug_Click(System.Object,System.EventArgs)">
            <summary>
            Event handler used to clear the Debug text box when pressed
            </summary>
            <param name="sender">Object that sent the Event</param>
            <param name="e">Event arguments passed by Event</param>
        </member>
        <member name="M:NotesToGoogle.NotesToGoogleForm.checkBox_CustomDaysAhead_LostFocus(System.Object,System.EventArgs)">
            <summary>
            Event handler called when focus is taken off of Custom Days text box
            </summary>
            <param name="sender"></param>
            <param name="e"></param>
        </member>
        <member name="M:NotesToGoogle.NotesToGoogleForm.checkBox_CustomDaysAhead_CheckedChanged(System.Object,System.EventArgs)">
            <summary>
            Event handler method called when the user changes the value of Custom Days Ahead Check
            </summary>
            <param name="sender">Object sending the request</param>
            <param name="e">Event Args being passed</param>
        </member>
        <member name="M:NotesToGoogle.NotesToGoogleForm.radioButton_MainCalChoice_CheckedChanged(System.Object,System.EventArgs)">
            <summary>
            Event handler called when the radio button for Main Calendar Choice is changed.
            This event will set the Other calendar name text box enabled or not.
            </summary>
            <param name="sender"></param>
            <param name="e"></param>
        </member>
        <member name="M:NotesToGoogle.NotesToGoogleForm.button_SaveSettings_Click(System.Object,System.EventArgs)">
            <summary>
            Event handler used when Save button is clicked
            </summary>
            <param name="sender">Object that initiated the Event</param>
            <param name="e">Event arguments passed by Event</param>
        </member>
        <member name="M:NotesToGoogle.NotesToGoogleForm.UpdateSyncProgressBar(System.Int32)">
            <summary>
            Private method used to update the Progress bar while syncing.  This should be called by a thread
            safe delegate in the DoTheWork thread method.
            </summary>
            <param name="value">value to increase progress bar</param>
        </member>
        <member name="M:NotesToGoogle.NotesToGoogleForm.toolStripMenuItem_Close_Click(System.Object,System.EventArgs)">
            <summary>
            Event handler called when the TrayMenu option Closed is selected;  this will submit a close
            request to the Form
            </summary>
            <param name="sender">sender of the request</param>
            <param name="e">events passed through the object</param>
        </member>
        <member name="M:NotesToGoogle.NotesToGoogleForm.toolStripMenuItem_Sync_Click(System.Object,System.EventArgs)">
            <summary>
            Event handler called when the TrayMenu option Sync is selected; this will call a button_manualsync
            event.
            </summary>
            <param name="sender">sender of the event</param>
            <param name="e">arguments passed through the object</param>
        </member>
        <member name="M:NotesToGoogle.NotesToGoogleForm.toolStripMenuItem_Open_Click(System.Object,System.EventArgs)">
            <summary>
            Event handler called when the TrayMenu option Open is selected; this will call TrayIcon
            event hanlder.
            </summary>
            <param name="sender">sender of the event</param>
            <param name="e">arguments from the sender</param>
        </member>
        <member name="M:NotesToGoogle.NotesToGoogleForm.button_ManualSync_Click(System.Object,System.EventArgs)">
            <summary>
            Method called when Manual Sync buttong has been pushed
            </summary>
            <param name="sender">Object creating the event</param>
            <param name="e">Event arguments</param>
        </member>
        <member name="M:NotesToGoogle.NotesToGoogleForm.DoTheWork_Completed(System.Object,System.ComponentModel.RunWorkerCompletedEventArgs)">
            <summary>
            Completed event handler for background workers
            </summary>
            <param name="sender"></param>
            <param name="e"></param>
        </member>
        <member name="M:NotesToGoogle.NotesToGoogleForm.DoTheWork_Progress(System.Object,System.ComponentModel.ProgressChangedEventArgs)">
            <summary>
            Progress Changed event handler for background workers
            </summary>
            <param name="sender"></param>
            <param name="e"></param>
        </member>
        <member name="M:NotesToGoogle.NotesToGoogleForm.DoTheWork(System.Object,System.ComponentModel.DoWorkEventArgs)">
            <summary>
            DoWork method for Background workers, method must not attempt to touch the UI, we use Progress
            Changed for that.
            </summary>
            <param name="sender"></param>
            <param name="e"></param>
        </member>
        <member name="M:NotesToGoogle.SyncPreferences.#ctor">
            <summary>
            Class constructor for SyncPreferences class.
            This class is used to save and retrieve the user preferences from file.
            </summary>
        </member>
        <member name="M:NotesToGoogle.SyncPreferences.SavePreferences">
            <summary>
            Method used to save / write preferences to file
            </summary>
        </member>
        <member name="M:NotesToGoogle.SyncPreferences.LoadPreferences">
            <summary>
            Method used to load / read preferences from file
            </summary>
        </member>
        <member name="M:NotesToGoogle.SyncPreferences.SetPreference(System.String,System.String)">
            <summary>
            Method used to set preference values
            </summary>
            <param name="_prefName">Preference Name to store</param>
            <param name="_prefValue">Preference Value to store</param>
        </member>
        <member name="M:NotesToGoogle.SyncPreferences.GetPreference(System.String)">
            <summary>
            Method used to retrieve preference value
            </summary>
            <param name="_prefName">Preference name to return value of</param>
            <returns>String value of preference</returns>
        </member>
        <member name="T:NotesToGoogle.GoogleServiceConnect">
            <summary>
            The GoogleServiceConnect class is used to make connections to google calendar; it can be used to:
            view, add, delete, update calendars and calendar entries
            </summary>
        </member>
        <member name="M:NotesToGoogle.GoogleServiceConnect.#ctor(System.String,System.String)">
            <summary>
            Creates GoogleServiceConnect object, chained to constructor.
            </summary>
            <param name="_GoogleLogin">Supplies Google Login / Default calender</param>
            <param name="_GooglePassword">Supplies Google Password</param>
        </member>
        <member name="M:NotesToGoogle.GoogleServiceConnect.#ctor(System.String,System.String,System.Boolean)">
            <summary>
            Creates GoogleServiceConnect object, chained to constructor.
            </summary>
            <param name="_GoogleLogin">Supplies Google Login / Default calendar</param>
            <param name="_GooglePassword">Supplies Google password</param>
            <param name="_UseSSL">Supplies Use SSL Switch</param>
        </member>
        <member name="M:NotesToGoogle.GoogleServiceConnect.#ctor(System.String,System.String,System.Boolean,System.Boolean)">
            <summary>
            Creates GoogleServiceConnect object.
            </summary>
            <param name="_GoogleLogin">Supplies Google Login / Default calendar</param>
            <param name="_GooglePassword">Supplies Google Password</param>
            <param name="_UseSSL">Supplies Use SSL Switch</param>
            <param name="_notifications">Supplies notification switch</param>
        </member>
        <member name="M:NotesToGoogle.GoogleServiceConnect.CreateCalendar(System.String)">
            <summary>
            CreateCalendar is used to create a new calendar to the owners profile.
            </summary>
            <param name="_calendarName">Name of the new calendar</param>
            <returns>CalendarEntry object of the new calendar</returns>
        </member>
        <member name="M:NotesToGoogle.GoogleServiceConnect.DeleteCalendar(System.String)">
            <summary>
            Deletes a calendar with the specified name.
            </summary>
            <param name="_calendarName">Calendar name to delete</param>
            <returns>Boolean whether calendar was deleted</returns>
        </member>
        <member name="M:NotesToGoogle.GoogleServiceConnect.ClearEventEntriesBySearch(System.String,System.String)">
            <summary>
            Method used to clear out all Lotus Notes specific entries; Lotus notes specific entries are 
            denoted by a NL: in the subject field.  Calendar entries will only be deleted if they contain
            the string 'Created from [LNotes]'; so when creating new entries FROM Lotus ensure that this
            string is somewhere within the data.
            </summary>
            <param name="_calendar">Calendar name to search for</param>
            <param name="_searchText">String to search entries for to delete</param>
            <returns>Number of entries deleted</returns>
        </member>
        <member name="M:NotesToGoogle.GoogleServiceConnect.ClearEventEntriesBySearch(System.String)">
            <summary>
            Method used to clear out all Lotus Notes specific entries; Lotus notes specific entries are 
            denoted by a NL: in the subject field.  Calendar entries will only be deleted if they contain
            the string 'Created from [LNotes]'; so when creating new entries FROM Lotus ensure that this
            string is somewhere within the data.
            </summary>
            <param name="_searchText">Search string to choose entries to delete</param>
            <returns>Number of events deleted</returns>
        </member>
        <member name="M:NotesToGoogle.GoogleServiceConnect.BatchAddEvents(Google.GData.Calendar.CalendarEntry,System.Collections.Generic.List{Google.GData.Calendar.EventEntry})">
            <summary>
            Method used to add a number of events to 
            </summary>
            <param name="_calendar">Calendar to insert entries into</param>
            <param name="events">List of evententries to add</param>
            <returns>Whether or not the batch add worked properly</returns>
        </member>
        <member name="M:NotesToGoogle.GoogleServiceConnect.GetCalendarByName(System.String)">
            <summary>
            Returns the calendar entry object by the specified name
            </summary>
            <param name="_calendarName">Name of calendar to return</param>
            <returns>Calendar with specified name</returns>
        </member>
        <member name="M:NotesToGoogle.GoogleServiceConnect.TestConnection">
            <summary>
            Test the connection to the GoogleService
            </summary>
            <returns>returns True for success, false for failure</returns>
        </member>
        <member name="M:NotesToGoogle.GoogleServiceConnect.GetAlternateURL(Google.GData.Calendar.CalendarEntry)">
            <summary>
            Method used to return the Alternate Link string value.  This URL is required when doing
            any type of searching.
            </summary>
            <param name="_calToSearch">CalendarEntry to return alternate link for.</param>
            <returns>Alternate link URL as string.</returns>
        </member>
        <member name="M:NotesToGoogle.GoogleServiceConnect.InsertEventTo(System.String,Google.GData.Calendar.EventEntry)">
            <summary>
            Method used to insert a calendar entry into the specified calendar.
            </summary>
            <param name="_toAdd">Event Entry to add to calendar</param>
            <param name="_calendarName">Calendar name to insert event into</param>
        </member>
        <member name="M:NotesToGoogle.GoogleServiceConnect.InsertEvent(Google.GData.Calendar.EventEntry)">
            <summary>
            Method used to insert a calendar entry into the specified calendar.
            </summary>
            <param name="_toAdd">Event Entry to add to calendar</param>
        </member>
        <member name="P:NotesToGoogle.GoogleServiceConnect.StartDate">
            <summary>
            Get / Set method for the private dtStartDate variable
            GoogleServiceConnect.StartDate = value to set
            </summary>
        </member>
        <member name="P:NotesToGoogle.GoogleServiceConnect.EndDate">
            <summary>
            Get / Set accessor method for the dtEndDate private variable
            GoogleServiceConnect.EndDate = value to set
            </summary>
        </member>
        <member name="P:NotesToGoogle.GoogleServiceConnect.Login">
            <summary>
            Accessor method for Google Login
            </summary>
        </member>
        <member name="P:NotesToGoogle.GoogleServiceConnect.Password">
            <summary>
            Accessor method for Google password
            </summary>
        </member>
        <member name="P:NotesToGoogle.GoogleServiceConnect.Calendar">
            <summary>
            Accessor method for Google password
            </summary>
        </member>
        <member name="P:NotesToGoogle.GoogleServiceConnect.UseSSL">
            <summary>
            Accessor method for UseSSl
            </summary>
        </member>
        <member name="P:NotesToGoogle.GoogleServiceConnect.Notifications">
            <summary>
            Accessor method for Notifications
            </summary>
        </member>
        <member name="T:NotesToGoogle.NotesToGoogleSync">
            <summary>
            NotesToGoogleSync class extends the Thread class.  It is run as an extra thread and is responsible
            for the actual syncing between Notes and Google.
            </summary>
        </member>
        <member name="M:NotesToGoogle.NotesToGoogleSync.#ctor">
            <summary>
            Constructor with no parameters
            </summary>
        </member>
        <member name="M:NotesToGoogle.NotesToGoogleSync.#ctor(NotesToGoogle.GoogleServiceConnect,NotesToGoogle.NotesServiceConnect)">
            <summary>
            Constructor with GoogleServiceConnect and NotesServiceConnect parameters
            </summary>
            <param name="_googleService">Object representing the googleServiceConnector</param>
            <param name="_notesService">Object representing the notesServiceConnector</param>
        </member>
        <member name="M:NotesToGoogle.NotesToGoogleSync.Sync(System.ComponentModel.BackgroundWorker,System.ComponentModel.DoWorkEventArgs)">
            <summary>
            Method called to initiate the sync process.
            </summary>
            <returns>Returns the success value</returns>
        </member>
        <member name="M:NotesToGoogle.NotesToGoogleSync.ConvertXMLtoEvents(System.IO.Stream)">
            <summary>
            Method returns a list of EventEntries to be input into GoogleService
            </summary>
            <param name="_stream">XML stream passed in to create XMLTextReader</param>
            <returns>List of EventEntry objects</returns>
        </member>
        <member name="P:NotesToGoogle.NotesToGoogleSync.GoogleService">
            <summary>
            Accessor method for GoogleService
            </summary>
        </member>
        <member name="P:NotesToGoogle.NotesToGoogleSync.NotesService">
            <summary>
            Accessor method for NotesService
            </summary>
        </member>
    </members>
</doc>
